|--IME--|--PREZIME--|--EMAIL--|--TELEFON--|--BRNARUDZBI--| 
ides,gasasd,qwerty@qwerty.qwerty1,123123123,5
Amer,Hot,admin@admin.admin,068160122,14
Milan,Jovanovic,milan@gmail.com,+38267111222,0
Petar,Markovic,petarm@gmail.com,+38267987654,1
Marko,Mirkovic,marko.m@gmail.com,123123123,0
Peroe,Perovic,pero@gmail.com,123123123,3
Ana,Petrovic,ana@gmail.com,+38267122334,2
|--IME--|--PREZIME--|--EMAIL--|--TELEFON--|--BRNARUDZBI--| 
Adrian,Adrovic,atko.adrovic@gmail.com,067708468,0
ides,gasasd,qwerty@qwerty.qwerty1,123123123,5
Admin,Hot,admin@admin.admin,068160122,14
Milan,Jovanovic,milan@gmail.com,+38267111222,0
Petar,Markovic,petarm@gmail.com,+38267987654,1
Marko,Mirkovic,marko.m@gmail.com,123123123,0
Peroe,Perovic,pero@gmail.com,123123123,4
Ana,Petrovic,ana@gmail.com,+38267122334,2
